source_dataset,original_path,reason,detail
FSD50K,C:\Users\Suhaan\Downloads\Noise\FSD50K.dev_audio\221644.wav,REJECT,clipping
FSD50K,C:\Users\Suhaan\Downloads\Noise\FSD50K.dev_audio\221644.wav,REJECT,clipping
FSD50K,C:\Users\Suhaan\Downloads\Noise\FSD50K.dev_audio\322603.wav,REJECT,clipping
FSD50K,C:\Users\Suhaan\Downloads\Noise\FSD50K.dev_audio\118515.wav,REJECT,clipping
FSD50K,C:\Users\Suhaan\Downloads\Noise\FSD50K.dev_audio\336888.wav,REJECT,clipping
FSD50K,C:\Users\Suhaan\Downloads\Noise\FSD50K.dev_audio\71190.wav,REJECT,mostly_silent
FSD50K,C:\Users\Suhaan\Downloads\Noise\FSD50K.dev_audio\121940.wav,REJECT,large_dc_offset
FSD50K,C:\Users\Suhaan\Downloads\Noise\FSD50K.dev_audio\166707.wav,REJECT,mostly_silent
FSD50K,C:\Users\Suhaan\Downloads\Noise\FSD50K.dev_audio\378173.wav,REJECT,clipping
FSD50K,C:\Users\Suhaan\Downloads\Noise\FSD50K.dev_audio\2396.wav,REJECT,large_dc_offset
FSD50K,C:\Users\Suhaan\Downloads\Noise\FSD50K.dev_audio\390849.wav,REJECT,mostly_silent
FSD50K,C:\Users\Suhaan\Downloads\Noise\FSD50K.dev_audio\152980.wav,REJECT,clipping
FSD50K,C:\Users\Suhaan\Downloads\Noise\FSD50K.dev_audio\79253.wav,REJECT,mostly_silent
FSD50K,C:\Users\Suhaan\Downloads\Noise\FSD50K.dev_audio\178180.wav,REJECT,clipping
FSD50K,C:\Users\Suhaan\Downloads\Noise\FSD50K.dev_audio\391180.wav,REJECT,clipping
FSD50K,C:\Users\Suhaan\Downloads\Noise\FSD50K.dev_audio\157800.wav,REJECT,clipping
FSD50K,C:\Users\Suhaan\Downloads\Noise\FSD50K.dev_audio\368805.wav,REJECT,clipping
FSD50K,C:\Users\Suhaan\Downloads\Noise\FSD50K.dev_audio\164020.wav,REJECT,clipping
FSD50K,C:\Users\Suhaan\Downloads\Noise\FSD50K.dev_audio\166076.wav,REJECT,clipping
FSD50K,C:\Users\Suhaan\Downloads\Noise\FSD50K.dev_audio\315858.wav,REJECT,clipping
FSD50K,C:\Users\Suhaan\Downloads\Noise\FSD50K.dev_audio\150139.wav,REJECT,clipping
FSD50K,C:\Users\Suhaan\Downloads\Noise\FSD50K.dev_audio\381569.wav,REJECT,clipping
FSD50K,C:\Users\Suhaan\Downloads\Noise\FSD50K.dev_audio\238241.wav,REJECT,clipping
FSD50K,C:\Users\Suhaan\Downloads\Noise\FSD50K.dev_audio\238243.wav,REJECT,clipping
FSD50K,C:\Users\Suhaan\Downloads\Noise\FSD50K.dev_audio\238242.wav,REJECT,clipping
FSD50K,C:\Users\Suhaan\Downloads\Noise\FSD50K.dev_audio\238244.wav,REJECT,clipping
FSD50K,C:\Users\Suhaan\Downloads\Noise\FSD50K.dev_audio\238245.wav,REJECT,clipping
FSD50K,C:\Users\Suhaan\Downloads\Noise\FSD50K.dev_audio\238247.wav,REJECT,clipping
FSD50K,C:\Users\Suhaan\Downloads\Noise\FSD50K.dev_audio\238246.wav,REJECT,clipping
FSD50K,C:\Users\Suhaan\Downloads\Noise\FSD50K.dev_audio\260939.wav,REJECT,clipping
FSD50K,C:\Users\Suhaan\Downloads\Noise\FSD50K.dev_audio\388054.wav,REJECT,clipping
FSD50K,C:\Users\Suhaan\Downloads\Noise\FSD50K.dev_audio\324585.wav,REJECT,clipping
FSD50K,C:\Users\Suhaan\Downloads\Noise\FSD50K.dev_audio\396316.wav,REJECT,clipping
FSD50K,C:\Users\Suhaan\Downloads\Noise\FSD50K.dev_audio\392226.wav,REJECT,clipping
FSD50K,C:\Users\Suhaan\Downloads\Noise\FSD50K.dev_audio\392229.wav,REJECT,clipping
FSD50K,C:\Users\Suhaan\Downloads\Noise\FSD50K.dev_audio\238677.wav,REJECT,clipping
FSD50K,C:\Users\Suhaan\Downloads\Noise\FSD50K.dev_audio\369781.wav,REJECT,clipping
FSD50K,C:\Users\Suhaan\Downloads\Noise\FSD50K.dev_audio\388273.wav,REJECT,clipping
FSD50K,C:\Users\Suhaan\Downloads\Noise\FSD50K.dev_audio\156904.wav,REJECT,clipping
FSD50K,C:\Users\Suhaan\Downloads\Noise\FSD50K.dev_audio\204009.wav,REJECT,clipping
FSD50K,C:\Users\Suhaan\Downloads\Noise\FSD50K.dev_audio\128293.wav,REJECT,clipping
FSD50K,C:\Users\Suhaan\Downloads\Noise\FSD50K.dev_audio\128294.wav,REJECT,clipping
FSD50K,C:\Users\Suhaan\Downloads\Noise\FSD50K.dev_audio\128296.wav,REJECT,clipping
FSD50K,C:\Users\Suhaan\Downloads\Noise\FSD50K.dev_audio\128297.wav,REJECT,clipping
FSD50K,C:\Users\Suhaan\Downloads\Noise\FSD50K.dev_audio\128298.wav,REJECT,clipping
FSD50K,C:\Users\Suhaan\Downloads\Noise\FSD50K.dev_audio\128299.wav,REJECT,clipping
FSD50K,C:\Users\Suhaan\Downloads\Noise\FSD50K.dev_audio\128301.wav,REJECT,clipping
FSD50K,C:\Users\Suhaan\Downloads\Noise\FSD50K.dev_audio\161195.wav,REJECT,clipping;large_dc_offset
FSD50K,C:\Users\Suhaan\Downloads\Noise\FSD50K.dev_audio\138679.wav,REJECT,clipping
FSD50K,C:\Users\Suhaan\Downloads\Noise\FSD50K.dev_audio\165394.wav,REJECT,clipping
FSD50K,C:\Users\Suhaan\Downloads\Noise\FSD50K.dev_audio\136766.wav,REJECT,clipping
FSD50K,C:\Users\Suhaan\Downloads\Noise\FSD50K.dev_audio\427592.wav,REJECT,clipping
FSD50K,C:\Users\Suhaan\Downloads\Noise\FSD50K.dev_audio\427598.wav,REJECT,clipping
FSD50K,C:\Users\Suhaan\Downloads\Noise\FSD50K.dev_audio\165478.wav,REJECT,clipping
FSD50K,C:\Users\Suhaan\Downloads\Noise\FSD50K.dev_audio\161475.wav,REJECT,clipping
FSD50K,C:\Users\Suhaan\Downloads\Noise\FSD50K.dev_audio\378563.wav,REJECT,clipping
FSD50K,C:\Users\Suhaan\Downloads\Noise\FSD50K.dev_audio\237273.wav,REJECT,clipping;large_dc_offset
FSD50K,C:\Users\Suhaan\Downloads\Noise\FSD50K.dev_audio\386845.wav,REJECT,clipping
FSD50K,C:\Users\Suhaan\Downloads\Noise\FSD50K.dev_audio\253734.wav,REJECT,clipping;large_dc_offset
FSD50K,C:\Users\Suhaan\Downloads\Noise\FSD50K.dev_audio\233318.wav,REJECT,large_dc_offset
FSD50K,C:\Users\Suhaan\Downloads\Noise\FSD50K.dev_audio\233321.wav,REJECT,clipping
FSD50K,C:\Users\Suhaan\Downloads\Noise\FSD50K.dev_audio\233322.wav,REJECT,clipping;large_dc_offset
FSD50K,C:\Users\Suhaan\Downloads\Noise\FSD50K.dev_audio\233323.wav,REJECT,clipping
FSD50K,C:\Users\Suhaan\Downloads\Noise\FSD50K.dev_audio\266105.wav,REJECT,clipping
FSD50K,C:\Users\Suhaan\Downloads\Noise\FSD50K.dev_audio\399266.wav,REJECT,clipping
FSD50K,C:\Users\Suhaan\Downloads\Noise\FSD50K.dev_audio\380886.wav,REJECT,clipping
FSD50K,C:\Users\Suhaan\Downloads\Noise\FSD50K.dev_audio\159708.wav,REJECT,clipping
FSD50K,C:\Users\Suhaan\Downloads\Noise\FSD50K.dev_audio\212600.wav,REJECT,clipping;large_dc_offset
FSD50K,C:\Users\Suhaan\Downloads\Noise\FSD50K.dev_audio\212602.wav,REJECT,clipping;large_dc_offset
FSD50K,C:\Users\Suhaan\Downloads\Noise\FSD50K.dev_audio\411691.wav,REJECT,clipping
FSD50K,C:\Users\Suhaan\Downloads\Noise\FSD50K.dev_audio\183869.wav,REJECT,clipping
FSD50K,C:\Users\Suhaan\Downloads\Noise\FSD50K.dev_audio\183870.wav,REJECT,clipping
FSD50K,C:\Users\Suhaan\Downloads\Noise\FSD50K.dev_audio\183868.wav,REJECT,clipping
FSD50K,C:\Users\Suhaan\Downloads\Noise\FSD50K.dev_audio\191583.wav,REJECT,clipping
FSD50K,C:\Users\Suhaan\Downloads\Noise\FSD50K.dev_audio\191583.wav,REJECT,clipping
FSD50K,C:\Users\Suhaan\Downloads\Noise\FSD50K.dev_audio\245372.wav,REJECT,clipping
FSD50K,C:\Users\Suhaan\Downloads\Noise\FSD50K.dev_audio\245372.wav,REJECT,clipping
FSD50K,C:\Users\Suhaan\Downloads\Noise\FSD50K.dev_audio\181376.wav,REJECT,clipping
FSD50K,C:\Users\Suhaan\Downloads\Noise\FSD50K.dev_audio\181377.wav,REJECT,clipping
FSD50K,C:\Users\Suhaan\Downloads\Noise\FSD50K.dev_audio\181378.wav,REJECT,clipping
FSD50K,C:\Users\Suhaan\Downloads\Noise\FSD50K.dev_audio\181476.wav,REJECT,clipping
FSD50K,C:\Users\Suhaan\Downloads\Noise\FSD50K.dev_audio\181477.wav,REJECT,clipping
FSD50K,C:\Users\Suhaan\Downloads\Noise\FSD50K.dev_audio\51429.wav,REJECT,clipping
FSD50K,C:\Users\Suhaan\Downloads\Noise\FSD50K.dev_audio\388329.wav,REJECT,clipping
FSD50K,C:\Users\Suhaan\Downloads\Noise\FSD50K.dev_audio\408122.wav,REJECT,clipping
FSD50K,C:\Users\Suhaan\Downloads\Noise\FSD50K.dev_audio\383220.wav,REJECT,clipping
FSD50K,C:\Users\Suhaan\Downloads\Noise\FSD50K.dev_audio\51464.wav,REJECT,clipping
FSD50K,C:\Users\Suhaan\Downloads\Noise\FSD50K.dev_audio\51467.wav,REJECT,clipping
FSD50K,C:\Users\Suhaan\Downloads\Noise\FSD50K.dev_audio\51466.wav,REJECT,clipping
FSD50K,C:\Users\Suhaan\Downloads\Noise\FSD50K.dev_audio\378174.wav,REJECT,clipping
FSD50K,C:\Users\Suhaan\Downloads\Noise\FSD50K.dev_audio\67465.wav,REJECT,clipping
FSD50K,C:\Users\Suhaan\Downloads\Noise\FSD50K.dev_audio\394128.wav,REJECT,clipping
FSD50K,C:\Users\Suhaan\Downloads\Noise\FSD50K.dev_audio\341930.wav,REJECT,clipping
FSD50K,C:\Users\Suhaan\Downloads\Noise\FSD50K.dev_audio\67505.wav,REJECT,clipping
FSD50K,C:\Users\Suhaan\Downloads\Noise\FSD50K.dev_audio\239569.wav,REJECT,clipping
FSD50K,C:\Users\Suhaan\Downloads\Noise\FSD50K.dev_audio\18400.wav,REJECT,clipping
FSD50K,C:\Users\Suhaan\Downloads\Noise\FSD50K.dev_audio\328359.wav,REJECT,mostly_silent
FSD50K,C:\Users\Suhaan\Downloads\Noise\FSD50K.dev_audio\328359.wav,REJECT,mostly_silent
FSD50K,C:\Users\Suhaan\Downloads\Noise\FSD50K.dev_audio\19622.wav,REJECT,large_dc_offset
FSD50K,C:\Users\Suhaan\Downloads\Noise\FSD50K.dev_audio\420940.wav,REJECT,mostly_silent
FSD50K,C:\Users\Suhaan\Downloads\Noise\FSD50K.dev_audio\215992.wav,REJECT,clipping
FSD50K,C:\Users\Suhaan\Downloads\Noise\FSD50K.dev_audio\58672.wav,REJECT,large_dc_offset
FSD50K,C:\Users\Suhaan\Downloads\Noise\FSD50K.dev_audio\59303.wav,REJECT,large_dc_offset
FSD50K,C:\Users\Suhaan\Downloads\Noise\FSD50K.dev_audio\59304.wav,REJECT,clipping;large_dc_offset
FSD50K,C:\Users\Suhaan\Downloads\Noise\FSD50K.dev_audio\322509.wav,REJECT,clipping
FSD50K,C:\Users\Suhaan\Downloads\Noise\FSD50K.dev_audio\322509.wav,REJECT,clipping
FSD50K,C:\Users\Suhaan\Downloads\Noise\FSD50K.dev_audio\245578.wav,REJECT,clipping
FSD50K,C:\Users\Suhaan\Downloads\Noise\FSD50K.dev_audio\315935.wav,REJECT,clipping
FSD50K,C:\Users\Suhaan\Downloads\Noise\FSD50K.dev_audio\99248.wav,REJECT,clipping
FSD50K,C:\Users\Suhaan\Downloads\Noise\FSD50K.dev_audio\99251.wav,REJECT,clipping
FSD50K,C:\Users\Suhaan\Downloads\Noise\FSD50K.dev_audio\352192.wav,REJECT,clipping
FSD50K,C:\Users\Suhaan\Downloads\Noise\FSD50K.dev_audio\115108.wav,REJECT,clipping;large_dc_offset
FSD50K,C:\Users\Suhaan\Downloads\Noise\FSD50K.dev_audio\84684.wav,REJECT,mostly_silent
FSD50K,C:\Users\Suhaan\Downloads\Noise\FSD50K.dev_audio\35702.wav,REJECT,large_dc_offset
FSD50K,C:\Users\Suhaan\Downloads\Noise\FSD50K.dev_audio\35702.wav,REJECT,large_dc_offset
FSD50K,C:\Users\Suhaan\Downloads\Noise\FSD50K.dev_audio\35702.wav,REJECT,large_dc_offset
FSD50K,C:\Users\Suhaan\Downloads\Noise\FSD50K.dev_audio\35703.wav,REJECT,large_dc_offset
FSD50K,C:\Users\Suhaan\Downloads\Noise\FSD50K.dev_audio\35703.wav,REJECT,large_dc_offset
FSD50K,C:\Users\Suhaan\Downloads\Noise\FSD50K.dev_audio\35703.wav,REJECT,large_dc_offset
FSD50K,C:\Users\Suhaan\Downloads\Noise\FSD50K.dev_audio\74679.wav,REJECT,clipping
FSD50K,C:\Users\Suhaan\Downloads\Noise\FSD50K.dev_audio\74679.wav,REJECT,clipping
FSD50K,C:\Users\Suhaan\Downloads\Noise\FSD50K.dev_audio\74679.wav,REJECT,clipping
FSD50K,C:\Users\Suhaan\Downloads\Noise\FSD50K.dev_audio\32851.wav,REJECT,large_dc_offset
FSD50K,C:\Users\Suhaan\Downloads\Noise\FSD50K.dev_audio\32851.wav,REJECT,large_dc_offset
FSD50K,C:\Users\Suhaan\Downloads\Noise\FSD50K.dev_audio\195738.wav,REJECT,clipping
FSD50K,C:\Users\Suhaan\Downloads\Noise\FSD50K.dev_audio\195738.wav,REJECT,clipping
FSD50K,C:\Users\Suhaan\Downloads\Noise\FSD50K.dev_audio\338088.wav,REJECT,large_dc_offset
FSD50K,C:\Users\Suhaan\Downloads\Noise\FSD50K.dev_audio\338088.wav,REJECT,large_dc_offset
FSD50K,C:\Users\Suhaan\Downloads\Noise\FSD50K.dev_audio\338093.wav,REJECT,large_dc_offset
FSD50K,C:\Users\Suhaan\Downloads\Noise\FSD50K.dev_audio\338093.wav,REJECT,large_dc_offset
FSD50K,C:\Users\Suhaan\Downloads\Noise\FSD50K.dev_audio\238791.wav,REJECT,clipping
FSD50K,C:\Users\Suhaan\Downloads\Noise\FSD50K.dev_audio\238791.wav,REJECT,clipping
FSD50K,C:\Users\Suhaan\Downloads\Noise\FSD50K.dev_audio\238794.wav,REJECT,clipping
FSD50K,C:\Users\Suhaan\Downloads\Noise\FSD50K.dev_audio\238794.wav,REJECT,clipping
FSD50K,C:\Users\Suhaan\Downloads\Noise\FSD50K.dev_audio\199944.wav,REJECT,clipping
FSD50K,C:\Users\Suhaan\Downloads\Noise\FSD50K.dev_audio\199944.wav,REJECT,clipping
FSD50K,C:\Users\Suhaan\Downloads\Noise\FSD50K.dev_audio\48508.wav,REJECT,large_dc_offset
FSD50K,C:\Users\Suhaan\Downloads\Noise\FSD50K.dev_audio\48508.wav,REJECT,large_dc_offset
FSD50K,C:\Users\Suhaan\Downloads\Noise\FSD50K.dev_audio\48509.wav,REJECT,large_dc_offset
FSD50K,C:\Users\Suhaan\Downloads\Noise\FSD50K.dev_audio\48509.wav,REJECT,large_dc_offset
FSD50K,C:\Users\Suhaan\Downloads\Noise\FSD50K.dev_audio\128343.wav,REJECT,clipping
FSD50K,C:\Users\Suhaan\Downloads\Noise\FSD50K.dev_audio\128343.wav,REJECT,clipping
FSD50K,C:\Users\Suhaan\Downloads\Noise\FSD50K.dev_audio\244581.wav,REJECT,clipping;large_dc_offset
FSD50K,C:\Users\Suhaan\Downloads\Noise\FSD50K.dev_audio\244581.wav,REJECT,clipping;large_dc_offset
FSD50K,C:\Users\Suhaan\Downloads\Noise\FSD50K.dev_audio\135585.wav,REJECT,large_dc_offset
FSD50K,C:\Users\Suhaan\Downloads\Noise\FSD50K.dev_audio\114479.wav,REJECT,clipping
FSD50K,C:\Users\Suhaan\Downloads\Noise\FSD50K.dev_audio\365150.wav,REJECT,mostly_silent
FSD50K,C:\Users\Suhaan\Downloads\Noise\FSD50K.dev_audio\407261.wav,REJECT,mostly_silent
FSD50K,C:\Users\Suhaan\Downloads\Noise\FSD50K.dev_audio\89515.wav,REJECT,mostly_silent
FSD50K,C:\Users\Suhaan\Downloads\Noise\FSD50K.dev_audio\156145.wav,REJECT,large_dc_offset
FSD50K,C:\Users\Suhaan\Downloads\Noise\FSD50K.dev_audio\60751.wav,REJECT,large_dc_offset
FSD50K,C:\Users\Suhaan\Downloads\Noise\FSD50K.dev_audio\254071.wav,REJECT,clipping
FSD50K,C:\Users\Suhaan\Downloads\Noise\FSD50K.dev_audio\254071.wav,REJECT,clipping
FSD50K,C:\Users\Suhaan\Downloads\Noise\FSD50K.dev_audio\155635.wav,REJECT,clipping
FSD50K,C:\Users\Suhaan\Downloads\Noise\FSD50K.dev_audio\155636.wav,REJECT,clipping
FSD50K,C:\Users\Suhaan\Downloads\Noise\FSD50K.dev_audio\11704.wav,REJECT,large_dc_offset
FSD50K,C:\Users\Suhaan\Downloads\Noise\FSD50K.dev_audio\11704.wav,REJECT,large_dc_offset
FSD50K,C:\Users\Suhaan\Downloads\Noise\FSD50K.dev_audio\11704.wav,REJECT,large_dc_offset
FSD50K,C:\Users\Suhaan\Downloads\Noise\FSD50K.dev_audio\157142.wav,REJECT,clipping
FSD50K,C:\Users\Suhaan\Downloads\Noise\FSD50K.dev_audio\157142.wav,REJECT,clipping
FSD50K,C:\Users\Suhaan\Downloads\Noise\FSD50K.dev_audio\157142.wav,REJECT,clipping
FSD50K,C:\Users\Suhaan\Downloads\Noise\FSD50K.dev_audio\407433.wav,REJECT,mostly_silent
FSD50K,C:\Users\Suhaan\Downloads\Noise\FSD50K.dev_audio\366441.wav,REJECT,mostly_silent
FSD50K,C:\Users\Suhaan\Downloads\Noise\FSD50K.dev_audio\160612.wav,REJECT,clipping
FSD50K,C:\Users\Suhaan\Downloads\Noise\FSD50K.dev_audio\171024.wav,REJECT,mostly_silent
FSD50K,C:\Users\Suhaan\Downloads\Noise\FSD50K.dev_audio\32849.wav,REJECT,large_dc_offset
FSD50K,C:\Users\Suhaan\Downloads\Noise\FSD50K.dev_audio\412770.wav,REJECT,mostly_silent
FSD50K,C:\Users\Suhaan\Downloads\Noise\FSD50K.dev_audio\412772.wav,REJECT,mostly_silent
FSD50K,C:\Users\Suhaan\Downloads\Noise\FSD50K.dev_audio\108618.wav,REJECT,large_dc_offset
FSD50K,C:\Users\Suhaan\Downloads\Noise\FSD50K.dev_audio\106719.wav,REJECT,large_dc_offset
FSD50K,C:\Users\Suhaan\Downloads\Noise\FSD50K.dev_audio\147584.wav,REJECT,clipping
FSD50K,C:\Users\Suhaan\Downloads\Noise\FSD50K.dev_audio\147584.wav,REJECT,clipping
FSD50K,C:\Users\Suhaan\Downloads\Noise\FSD50K.dev_audio\47252.wav,REJECT,clipping
FSD50K,C:\Users\Suhaan\Downloads\Noise\FSD50K.dev_audio\47252.wav,REJECT,clipping
FSD50K,C:\Users\Suhaan\Downloads\Noise\FSD50K.dev_audio\435414.wav,REJECT,clipping
FSD50K,C:\Users\Suhaan\Downloads\Noise\FSD50K.dev_audio\435414.wav,REJECT,clipping
FSD50K,C:\Users\Suhaan\Downloads\Noise\FSD50K.dev_audio\435415.wav,REJECT,clipping
FSD50K,C:\Users\Suhaan\Downloads\Noise\FSD50K.dev_audio\435415.wav,REJECT,clipping
FSD50K,C:\Users\Suhaan\Downloads\Noise\FSD50K.dev_audio\324384.wav,REJECT,clipping
FSD50K,C:\Users\Suhaan\Downloads\Noise\FSD50K.dev_audio\324384.wav,REJECT,clipping
FSD50K,C:\Users\Suhaan\Downloads\Noise\FSD50K.dev_audio\114048.wav,REJECT,large_dc_offset
FSD50K,C:\Users\Suhaan\Downloads\Noise\FSD50K.dev_audio\114048.wav,REJECT,large_dc_offset
FSD50K,C:\Users\Suhaan\Downloads\Noise\FSD50K.dev_audio\235968.wav,REJECT,clipping
FSD50K,C:\Users\Suhaan\Downloads\Noise\FSD50K.dev_audio\235968.wav,REJECT,clipping
FSD50K,C:\Users\Suhaan\Downloads\Noise\FSD50K.dev_audio\207456.wav,REJECT,clipping
FSD50K,C:\Users\Suhaan\Downloads\Noise\FSD50K.dev_audio\207456.wav,REJECT,clipping
FSD50K,C:\Users\Suhaan\Downloads\Noise\FSD50K.dev_audio\207457.wav,REJECT,clipping
FSD50K,C:\Users\Suhaan\Downloads\Noise\FSD50K.dev_audio\207457.wav,REJECT,clipping
FSD50K,C:\Users\Suhaan\Downloads\Noise\FSD50K.dev_audio\208855.wav,REJECT,clipping
FSD50K,C:\Users\Suhaan\Downloads\Noise\FSD50K.dev_audio\208855.wav,REJECT,clipping
FSD50K,C:\Users\Suhaan\Downloads\Noise\FSD50K.dev_audio\234238.wav,REJECT,clipping;large_dc_offset
FSD50K,C:\Users\Suhaan\Downloads\Noise\FSD50K.dev_audio\136705.wav,REJECT,clipping
FSD50K,C:\Users\Suhaan\Downloads\Noise\FSD50K.dev_audio\136706.wav,REJECT,clipping
FSD50K,C:\Users\Suhaan\Downloads\Noise\FSD50K.dev_audio\163111.wav,REJECT,clipping
FSD50K,C:\Users\Suhaan\Downloads\Noise\FSD50K.dev_audio\163111.wav,REJECT,clipping
FSD50K,C:\Users\Suhaan\Downloads\Noise\FSD50K.dev_audio\77036.wav,REJECT,large_dc_offset
ESC50,C:\Users\Suhaan\Downloads\Noise\ESC-50-master\wav_files\1-46744-A-36.wav,REJECT,clipping
ESC50,C:\Users\Suhaan\Downloads\Noise\ESC-50-master\wav_files\1-47709-A-16.wav,REJECT,clipping
ESC50,C:\Users\Suhaan\Downloads\Noise\ESC-50-master\wav_files\1-47714-A-16.wav,REJECT,clipping
ESC50,C:\Users\Suhaan\Downloads\Noise\ESC-50-master\wav_files\1-50661-A-44.wav,REJECT,clipping
ESC50,C:\Users\Suhaan\Downloads\Noise\ESC-50-master\wav_files\1-64473-A-45.wav,REJECT,clipping
ESC50,C:\Users\Suhaan\Downloads\Noise\ESC-50-master\wav_files\2-117616-A-48.wav,REJECT,clipping
ESC50,C:\Users\Suhaan\Downloads\Noise\ESC-50-master\wav_files\2-117617-A-48.wav,REJECT,clipping
ESC50,C:\Users\Suhaan\Downloads\Noise\ESC-50-master\wav_files\3-115382-A-44.wav,REJECT,clipping;large_dc_offset
ESC50,C:\Users\Suhaan\Downloads\Noise\ESC-50-master\wav_files\3-115387-B-47.wav,REJECT,clipping
ESC50,C:\Users\Suhaan\Downloads\Noise\ESC-50-master\wav_files\3-152020-A-36.wav,REJECT,clipping
ESC50,C:\Users\Suhaan\Downloads\Noise\ESC-50-master\wav_files\3-152020-B-36.wav,REJECT,clipping
ESC50,C:\Users\Suhaan\Downloads\Noise\ESC-50-master\wav_files\3-246513-A-16.wav,REJECT,clipping
ESC50,C:\Users\Suhaan\Downloads\Noise\ESC-50-master\wav_files\4-161100-A-47.wav,REJECT,clipping
ESC50,C:\Users\Suhaan\Downloads\Noise\ESC-50-master\wav_files\4-186962-A-44.wav,REJECT,clipping
ESC50,C:\Users\Suhaan\Downloads\Noise\ESC-50-master\wav_files\5-156999-B-19.wav,REJECT,clipping
ESC50,C:\Users\Suhaan\Downloads\Noise\ESC-50-master\wav_files\5-156999-C-19.wav,REJECT,clipping
ESC50,C:\Users\Suhaan\Downloads\Noise\ESC-50-master\wav_files\5-156999-D-19.wav,REJECT,clipping
ESC50,C:\Users\Suhaan\Downloads\Noise\ESC-50-master\wav_files\5-156999-E-19.wav,REJECT,clipping;large_dc_offset
UrbanSound8K,C:\Users\Suhaan\Downloads\Noise\UrbanSound8K\fold6\117271-3-0-2.wav,REJECT,clipping
UrbanSound8K,C:\Users\Suhaan\Downloads\Noise\UrbanSound8K\fold3\118070-1-0-0.wav,REJECT,too_short
UrbanSound8K,C:\Users\Suhaan\Downloads\Noise\UrbanSound8K\fold3\118496-1-1-0.wav,REJECT,too_short
UrbanSound8K,C:\Users\Suhaan\Downloads\Noise\UrbanSound8K\fold3\118961-3-0-0.wav,REJECT,clipping
UrbanSound8K,C:\Users\Suhaan\Downloads\Noise\UrbanSound8K\fold1\138031-2-0-2.wav,REJECT,mostly_silent
UrbanSound8K,C:\Users\Suhaan\Downloads\Noise\UrbanSound8K\fold1\138031-2-0-47.wav,REJECT,mostly_silent
UrbanSound8K,C:\Users\Suhaan\Downloads\Noise\UrbanSound8K\fold10\142641-3-0-0.wav,REJECT,clipping
UrbanSound8K,C:\Users\Suhaan\Downloads\Noise\UrbanSound8K\fold8\144028-3-1-0.wav,REJECT,clipping
UrbanSound8K,C:\Users\Suhaan\Downloads\Noise\UrbanSound8K\fold8\144028-3-1-1.wav,REJECT,clipping
UrbanSound8K,C:\Users\Suhaan\Downloads\Noise\UrbanSound8K\fold3\151359-1-0-0.wav,REJECT,too_short
UrbanSound8K,C:\Users\Suhaan\Downloads\Noise\UrbanSound8K\fold3\151359-1-1-0.wav,REJECT,too_short
UrbanSound8K,C:\Users\Suhaan\Downloads\Noise\UrbanSound8K\fold3\151359-1-2-0.wav,REJECT,too_short
UrbanSound8K,C:\Users\Suhaan\Downloads\Noise\UrbanSound8K\fold3\151359-1-3-0.wav,REJECT,too_short
UrbanSound8K,C:\Users\Suhaan\Downloads\Noise\UrbanSound8K\fold2\155129-1-0-0.wav,REJECT,too_short
UrbanSound8K,C:\Users\Suhaan\Downloads\Noise\UrbanSound8K\fold2\155129-1-1-0.wav,REJECT,too_short
UrbanSound8K,C:\Users\Suhaan\Downloads\Noise\UrbanSound8K\fold9\155130-1-0-0.wav,REJECT,too_short
UrbanSound8K,C:\Users\Suhaan\Downloads\Noise\UrbanSound8K\fold10\157800-6-0-0.wav,REJECT,clipping
UrbanSound8K,C:\Users\Suhaan\Downloads\Noise\UrbanSound8K\fold5\159701-6-1-0.wav,REJECT,clipping
UrbanSound8K,C:\Users\Suhaan\Downloads\Noise\UrbanSound8K\fold5\159701-6-2-0.wav,REJECT,clipping
UrbanSound8K,C:\Users\Suhaan\Downloads\Noise\UrbanSound8K\fold6\159702-6-0-0.wav,REJECT,clipping
UrbanSound8K,C:\Users\Suhaan\Downloads\Noise\UrbanSound8K\fold6\159702-6-1-0.wav,REJECT,clipping;large_dc_offset
UrbanSound8K,C:\Users\Suhaan\Downloads\Noise\UrbanSound8K\fold6\159702-6-4-0.wav,REJECT,large_dc_offset
UrbanSound8K,C:\Users\Suhaan\Downloads\Noise\UrbanSound8K\fold6\159702-6-5-0.wav,REJECT,clipping;large_dc_offset
UrbanSound8K,C:\Users\Suhaan\Downloads\Noise\UrbanSound8K\fold7\159705-6-0-0.wav,REJECT,clipping
UrbanSound8K,C:\Users\Suhaan\Downloads\Noise\UrbanSound8K\fold7\159708-6-0-0.wav,REJECT,large_dc_offset
UrbanSound8K,C:\Users\Suhaan\Downloads\Noise\UrbanSound8K\fold7\159708-6-1-0.wav,REJECT,clipping
UrbanSound8K,C:\Users\Suhaan\Downloads\Noise\UrbanSound8K\fold7\159708-6-2-0.wav,REJECT,clipping;large_dc_offset
UrbanSound8K,C:\Users\Suhaan\Downloads\Noise\UrbanSound8K\fold7\159708-6-3-0.wav,REJECT,clipping;large_dc_offset
UrbanSound8K,C:\Users\Suhaan\Downloads\Noise\UrbanSound8K\fold7\159708-6-4-0.wav,REJECT,clipping;large_dc_offset
UrbanSound8K,C:\Users\Suhaan\Downloads\Noise\UrbanSound8K\fold2\159710-6-0-0.wav,REJECT,clipping
UrbanSound8K,C:\Users\Suhaan\Downloads\Noise\UrbanSound8K\fold9\159735-2-0-80.wav,REJECT,mostly_silent
UrbanSound8K,C:\Users\Suhaan\Downloads\Noise\UrbanSound8K\fold1\159738-8-0-19.wav,REJECT,mostly_silent
UrbanSound8K,C:\Users\Suhaan\Downloads\Noise\UrbanSound8K\fold10\159742-8-0-0.wav,REJECT,mostly_silent
UrbanSound8K,C:\Users\Suhaan\Downloads\Noise\UrbanSound8K\fold10\159742-8-0-1.wav,REJECT,mostly_silent
UrbanSound8K,C:\Users\Suhaan\Downloads\Noise\UrbanSound8K\fold10\159742-8-0-2.wav,REJECT,mostly_silent
UrbanSound8K,C:\Users\Suhaan\Downloads\Noise\UrbanSound8K\fold10\159742-8-0-3.wav,REJECT,mostly_silent
UrbanSound8K,C:\Users\Suhaan\Downloads\Noise\UrbanSound8K\fold9\159745-8-1-6.wav,REJECT,mostly_silent
UrbanSound8K,C:\Users\Suhaan\Downloads\Noise\UrbanSound8K\fold9\159745-8-1-7.wav,REJECT,mostly_silent
UrbanSound8K,C:\Users\Suhaan\Downloads\Noise\UrbanSound8K\fold2\159747-8-0-20.wav,REJECT,mostly_silent
UrbanSound8K,C:\Users\Suhaan\Downloads\Noise\UrbanSound8K\fold2\159747-8-0-21.wav,REJECT,mostly_silent
UrbanSound8K,C:\Users\Suhaan\Downloads\Noise\UrbanSound8K\fold2\159750-8-0-7.wav,REJECT,mostly_silent
UrbanSound8K,C:\Users\Suhaan\Downloads\Noise\UrbanSound8K\fold2\159750-8-0-8.wav,REJECT,mostly_silent
UrbanSound8K,C:\Users\Suhaan\Downloads\Noise\UrbanSound8K\fold2\160092-3-0-0.wav,REJECT,too_short
UrbanSound8K,C:\Users\Suhaan\Downloads\Noise\UrbanSound8K\fold3\160093-3-0-0.wav,REJECT,too_short
UrbanSound8K,C:\Users\Suhaan\Downloads\Noise\UrbanSound8K\fold1\160094-3-0-0.wav,REJECT,too_short
UrbanSound8K,C:\Users\Suhaan\Downloads\Noise\UrbanSound8K\fold3\161195-6-0-0.wav,REJECT,clipping;large_dc_offset
UrbanSound8K,C:\Users\Suhaan\Downloads\Noise\UrbanSound8K\fold1\162540-1-2-0.wav,REJECT,clipping
UrbanSound8K,C:\Users\Suhaan\Downloads\Noise\UrbanSound8K\fold6\162702-1-0-0.wav,REJECT,too_short
UrbanSound8K,C:\Users\Suhaan\Downloads\Noise\UrbanSound8K\fold1\166268-3-0-0.wav,REJECT,too_short
UrbanSound8K,C:\Users\Suhaan\Downloads\Noise\UrbanSound8K\fold1\166268-3-2-0.wav,REJECT,too_short
UrbanSound8K,C:\Users\Suhaan\Downloads\Noise\UrbanSound8K\fold7\170243-1-0-0.wav,REJECT,too_short
UrbanSound8K,C:\Users\Suhaan\Downloads\Noise\UrbanSound8K\fold10\17124-1-0-0.wav,REJECT,too_short
UrbanSound8K,C:\Users\Suhaan\Downloads\Noise\UrbanSound8K\fold2\17307-1-0-0.wav,REJECT,too_short
UrbanSound8K,C:\Users\Suhaan\Downloads\Noise\UrbanSound8K\fold4\176003-1-0-0.wav,REJECT,clipping
UrbanSound8K,C:\Users\Suhaan\Downloads\Noise\UrbanSound8K\fold9\180156-1-12-0.wav,REJECT,too_short
UrbanSound8K,C:\Users\Suhaan\Downloads\Noise\UrbanSound8K\fold9\180156-1-7-0.wav,REJECT,too_short
UrbanSound8K,C:\Users\Suhaan\Downloads\Noise\UrbanSound8K\fold3\18594-1-2-0.wav,REJECT,too_short
UrbanSound8K,C:\Users\Suhaan\Downloads\Noise\UrbanSound8K\fold3\18594-1-3-0.wav,REJECT,too_short
UrbanSound8K,C:\Users\Suhaan\Downloads\Noise\UrbanSound8K\fold3\18594-1-4-0.wav,REJECT,too_short
UrbanSound8K,C:\Users\Suhaan\Downloads\Noise\UrbanSound8K\fold5\197243-3-0-0.wav,REJECT,clipping
UrbanSound8K,C:\Users\Suhaan\Downloads\Noise\UrbanSound8K\fold5\197243-3-1-0.wav,REJECT,clipping
UrbanSound8K,C:\Users\Suhaan\Downloads\Noise\UrbanSound8K\fold10\200460-6-3-0.wav,REJECT,clipping
UrbanSound8K,C:\Users\Suhaan\Downloads\Noise\UrbanSound8K\fold5\26177-1-0-0.wav,REJECT,too_short
UrbanSound8K,C:\Users\Suhaan\Downloads\Noise\UrbanSound8K\fold10\26255-3-0-0.wav,REJECT,too_short
UrbanSound8K,C:\Users\Suhaan\Downloads\Noise\UrbanSound8K\fold9\27068-1-0-0.wav,REJECT,too_short
UrbanSound8K,C:\Users\Suhaan\Downloads\Noise\UrbanSound8K\fold10\39847-5-0-0.wav,REJECT,clipping
UrbanSound8K,C:\Users\Suhaan\Downloads\Noise\UrbanSound8K\fold10\39847-5-0-1.wav,REJECT,clipping
UrbanSound8K,C:\Users\Suhaan\Downloads\Noise\UrbanSound8K\fold10\39847-5-0-10.wav,REJECT,clipping
UrbanSound8K,C:\Users\Suhaan\Downloads\Noise\UrbanSound8K\fold10\39847-5-0-11.wav,REJECT,clipping
UrbanSound8K,C:\Users\Suhaan\Downloads\Noise\UrbanSound8K\fold10\39847-5-0-12.wav,REJECT,clipping
UrbanSound8K,C:\Users\Suhaan\Downloads\Noise\UrbanSound8K\fold10\39847-5-0-2.wav,REJECT,clipping
UrbanSound8K,C:\Users\Suhaan\Downloads\Noise\UrbanSound8K\fold10\39847-5-0-3.wav,REJECT,clipping
UrbanSound8K,C:\Users\Suhaan\Downloads\Noise\UrbanSound8K\fold10\39847-5-0-4.wav,REJECT,clipping
UrbanSound8K,C:\Users\Suhaan\Downloads\Noise\UrbanSound8K\fold10\39847-5-0-5.wav,REJECT,clipping
UrbanSound8K,C:\Users\Suhaan\Downloads\Noise\UrbanSound8K\fold10\39847-5-0-6.wav,REJECT,clipping
UrbanSound8K,C:\Users\Suhaan\Downloads\Noise\UrbanSound8K\fold10\39847-5-0-7.wav,REJECT,clipping
UrbanSound8K,C:\Users\Suhaan\Downloads\Noise\UrbanSound8K\fold10\39847-5-0-8.wav,REJECT,clipping
UrbanSound8K,C:\Users\Suhaan\Downloads\Noise\UrbanSound8K\fold10\39847-5-0-9.wav,REJECT,clipping
UrbanSound8K,C:\Users\Suhaan\Downloads\Noise\UrbanSound8K\fold10\39847-5-1-0.wav,REJECT,clipping
UrbanSound8K,C:\Users\Suhaan\Downloads\Noise\UrbanSound8K\fold6\39852-5-0-0.wav,REJECT,clipping
UrbanSound8K,C:\Users\Suhaan\Downloads\Noise\UrbanSound8K\fold6\39852-5-0-1.wav,REJECT,clipping
UrbanSound8K,C:\Users\Suhaan\Downloads\Noise\UrbanSound8K\fold6\39854-5-0-0.wav,REJECT,clipping
UrbanSound8K,C:\Users\Suhaan\Downloads\Noise\UrbanSound8K\fold6\39854-5-1-0.wav,REJECT,clipping
UrbanSound8K,C:\Users\Suhaan\Downloads\Noise\UrbanSound8K\fold6\39854-5-1-1.wav,REJECT,clipping
UrbanSound8K,C:\Users\Suhaan\Downloads\Noise\UrbanSound8K\fold6\39854-5-1-2.wav,REJECT,clipping
UrbanSound8K,C:\Users\Suhaan\Downloads\Noise\UrbanSound8K\fold6\39854-5-1-3.wav,REJECT,clipping
UrbanSound8K,C:\Users\Suhaan\Downloads\Noise\UrbanSound8K\fold6\39854-5-1-4.wav,REJECT,clipping
UrbanSound8K,C:\Users\Suhaan\Downloads\Noise\UrbanSound8K\fold9\39856-5-0-0.wav,REJECT,clipping
UrbanSound8K,C:\Users\Suhaan\Downloads\Noise\UrbanSound8K\fold9\39856-5-0-1.wav,REJECT,clipping
UrbanSound8K,C:\Users\Suhaan\Downloads\Noise\UrbanSound8K\fold9\39856-5-0-10.wav,REJECT,clipping
UrbanSound8K,C:\Users\Suhaan\Downloads\Noise\UrbanSound8K\fold9\39856-5-0-11.wav,REJECT,clipping
UrbanSound8K,C:\Users\Suhaan\Downloads\Noise\UrbanSound8K\fold9\39856-5-0-12.wav,REJECT,clipping
UrbanSound8K,C:\Users\Suhaan\Downloads\Noise\UrbanSound8K\fold9\39856-5-0-13.wav,REJECT,clipping
UrbanSound8K,C:\Users\Suhaan\Downloads\Noise\UrbanSound8K\fold9\39856-5-0-14.wav,REJECT,clipping
UrbanSound8K,C:\Users\Suhaan\Downloads\Noise\UrbanSound8K\fold9\39856-5-0-15.wav,REJECT,clipping
UrbanSound8K,C:\Users\Suhaan\Downloads\Noise\UrbanSound8K\fold9\39856-5-0-16.wav,REJECT,clipping
UrbanSound8K,C:\Users\Suhaan\Downloads\Noise\UrbanSound8K\fold9\39856-5-0-17.wav,REJECT,clipping
UrbanSound8K,C:\Users\Suhaan\Downloads\Noise\UrbanSound8K\fold9\39856-5-0-18.wav,REJECT,clipping
UrbanSound8K,C:\Users\Suhaan\Downloads\Noise\UrbanSound8K\fold9\39856-5-0-19.wav,REJECT,clipping
UrbanSound8K,C:\Users\Suhaan\Downloads\Noise\UrbanSound8K\fold9\39856-5-0-2.wav,REJECT,clipping
UrbanSound8K,C:\Users\Suhaan\Downloads\Noise\UrbanSound8K\fold9\39856-5-0-20.wav,REJECT,clipping
UrbanSound8K,C:\Users\Suhaan\Downloads\Noise\UrbanSound8K\fold9\39856-5-0-21.wav,REJECT,clipping
UrbanSound8K,C:\Users\Suhaan\Downloads\Noise\UrbanSound8K\fold9\39856-5-0-22.wav,REJECT,clipping
UrbanSound8K,C:\Users\Suhaan\Downloads\Noise\UrbanSound8K\fold9\39856-5-0-23.wav,REJECT,clipping
UrbanSound8K,C:\Users\Suhaan\Downloads\Noise\UrbanSound8K\fold9\39856-5-0-24.wav,REJECT,clipping
UrbanSound8K,C:\Users\Suhaan\Downloads\Noise\UrbanSound8K\fold9\39856-5-0-25.wav,REJECT,clipping
UrbanSound8K,C:\Users\Suhaan\Downloads\Noise\UrbanSound8K\fold9\39856-5-0-26.wav,REJECT,clipping
UrbanSound8K,C:\Users\Suhaan\Downloads\Noise\UrbanSound8K\fold9\39856-5-0-27.wav,REJECT,clipping
UrbanSound8K,C:\Users\Suhaan\Downloads\Noise\UrbanSound8K\fold9\39856-5-0-28.wav,REJECT,clipping
UrbanSound8K,C:\Users\Suhaan\Downloads\Noise\UrbanSound8K\fold9\39856-5-0-3.wav,REJECT,clipping
UrbanSound8K,C:\Users\Suhaan\Downloads\Noise\UrbanSound8K\fold9\39856-5-0-4.wav,REJECT,clipping
UrbanSound8K,C:\Users\Suhaan\Downloads\Noise\UrbanSound8K\fold9\39856-5-0-5.wav,REJECT,clipping
UrbanSound8K,C:\Users\Suhaan\Downloads\Noise\UrbanSound8K\fold9\39856-5-0-6.wav,REJECT,clipping
UrbanSound8K,C:\Users\Suhaan\Downloads\Noise\UrbanSound8K\fold9\39856-5-0-7.wav,REJECT,clipping
UrbanSound8K,C:\Users\Suhaan\Downloads\Noise\UrbanSound8K\fold9\39856-5-0-8.wav,REJECT,clipping
UrbanSound8K,C:\Users\Suhaan\Downloads\Noise\UrbanSound8K\fold9\39856-5-0-9.wav,REJECT,clipping
UrbanSound8K,C:\Users\Suhaan\Downloads\Noise\UrbanSound8K\fold7\39857-5-0-0.wav,REJECT,clipping
UrbanSound8K,C:\Users\Suhaan\Downloads\Noise\UrbanSound8K\fold7\39857-5-0-1.wav,REJECT,clipping
UrbanSound8K,C:\Users\Suhaan\Downloads\Noise\UrbanSound8K\fold7\39857-5-0-2.wav,REJECT,clipping
UrbanSound8K,C:\Users\Suhaan\Downloads\Noise\UrbanSound8K\fold7\39857-5-1-0.wav,REJECT,clipping
UrbanSound8K,C:\Users\Suhaan\Downloads\Noise\UrbanSound8K\fold7\39857-5-1-1.wav,REJECT,clipping
UrbanSound8K,C:\Users\Suhaan\Downloads\Noise\UrbanSound8K\fold7\39857-5-1-2.wav,REJECT,clipping
UrbanSound8K,C:\Users\Suhaan\Downloads\Noise\UrbanSound8K\fold7\39857-5-1-3.wav,REJECT,clipping
UrbanSound8K,C:\Users\Suhaan\Downloads\Noise\UrbanSound8K\fold7\39857-5-2-0.wav,REJECT,clipping
UrbanSound8K,C:\Users\Suhaan\Downloads\Noise\UrbanSound8K\fold7\39857-5-3-0.wav,REJECT,clipping
UrbanSound8K,C:\Users\Suhaan\Downloads\Noise\UrbanSound8K\fold7\39857-5-4-0.wav,REJECT,clipping
UrbanSound8K,C:\Users\Suhaan\Downloads\Noise\UrbanSound8K\fold7\39857-5-5-0.wav,REJECT,clipping
UrbanSound8K,C:\Users\Suhaan\Downloads\Noise\UrbanSound8K\fold7\39857-5-5-1.wav,REJECT,clipping
UrbanSound8K,C:\Users\Suhaan\Downloads\Noise\UrbanSound8K\fold1\40722-8-0-0.wav,REJECT,large_dc_offset
UrbanSound8K,C:\Users\Suhaan\Downloads\Noise\UrbanSound8K\fold1\40722-8-0-1.wav,REJECT,large_dc_offset
UrbanSound8K,C:\Users\Suhaan\Downloads\Noise\UrbanSound8K\fold1\40722-8-0-2.wav,REJECT,large_dc_offset
UrbanSound8K,C:\Users\Suhaan\Downloads\Noise\UrbanSound8K\fold1\40722-8-0-3.wav,REJECT,large_dc_offset
UrbanSound8K,C:\Users\Suhaan\Downloads\Noise\UrbanSound8K\fold1\40722-8-0-4.wav,REJECT,large_dc_offset
UrbanSound8K,C:\Users\Suhaan\Downloads\Noise\UrbanSound8K\fold1\40722-8-0-5.wav,REJECT,large_dc_offset
UrbanSound8K,C:\Users\Suhaan\Downloads\Noise\UrbanSound8K\fold1\40722-8-0-6.wav,REJECT,large_dc_offset
UrbanSound8K,C:\Users\Suhaan\Downloads\Noise\UrbanSound8K\fold1\40722-8-0-7.wav,REJECT,large_dc_offset
UrbanSound8K,C:\Users\Suhaan\Downloads\Noise\UrbanSound8K\fold1\40722-8-0-8.wav,REJECT,large_dc_offset
UrbanSound8K,C:\Users\Suhaan\Downloads\Noise\UrbanSound8K\fold2\4201-3-0-0.wav,REJECT,too_short
UrbanSound8K,C:\Users\Suhaan\Downloads\Noise\UrbanSound8K\fold7\43784-3-0-0.wav,REJECT,too_short
UrbanSound8K,C:\Users\Suhaan\Downloads\Noise\UrbanSound8K\fold6\43802-1-0-0.wav,REJECT,too_short
UrbanSound8K,C:\Users\Suhaan\Downloads\Noise\UrbanSound8K\fold6\43802-1-1-0.wav,REJECT,too_short
UrbanSound8K,C:\Users\Suhaan\Downloads\Noise\UrbanSound8K\fold6\43802-1-2-0.wav,REJECT,too_short
UrbanSound8K,C:\Users\Suhaan\Downloads\Noise\UrbanSound8K\fold5\43803-1-0-0.wav,REJECT,too_short
UrbanSound8K,C:\Users\Suhaan\Downloads\Noise\UrbanSound8K\fold2\4911-3-0-0.wav,REJECT,too_short
UrbanSound8K,C:\Users\Suhaan\Downloads\Noise\UrbanSound8K\fold6\4912-3-0-0.wav,REJECT,too_short
UrbanSound8K,C:\Users\Suhaan\Downloads\Noise\UrbanSound8K\fold5\71439-1-1-0.wav,REJECT,too_short
UrbanSound8K,C:\Users\Suhaan\Downloads\Noise\UrbanSound8K\fold3\72537-3-0-2.wav,REJECT,clipping
UrbanSound8K,C:\Users\Suhaan\Downloads\Noise\UrbanSound8K\fold3\72537-3-0-6.wav,REJECT,clipping
UrbanSound8K,C:\Users\Suhaan\Downloads\Noise\UrbanSound8K\fold3\72537-3-0-8.wav,REJECT,clipping
UrbanSound8K,C:\Users\Suhaan\Downloads\Noise\UrbanSound8K\fold2\76091-6-2-0.wav,REJECT,too_short
UrbanSound8K,C:\Users\Suhaan\Downloads\Noise\UrbanSound8K\fold2\76091-6-3-0.wav,REJECT,too_short
UrbanSound8K,C:\Users\Suhaan\Downloads\Noise\UrbanSound8K\fold2\76091-6-4-0.wav,REJECT,too_short
UrbanSound8K,C:\Users\Suhaan\Downloads\Noise\UrbanSound8K\fold1\86279-3-0-0.wav,REJECT,clipping
UrbanSound8K,C:\Users\Suhaan\Downloads\Noise\UrbanSound8K\fold1\87275-1-0-0.wav,REJECT,too_short
UrbanSound8K,C:\Users\Suhaan\Downloads\Noise\UrbanSound8K\fold1\87275-1-1-0.wav,REJECT,too_short
UrbanSound8K,C:\Users\Suhaan\Downloads\Noise\UrbanSound8K\fold1\87275-1-2-0.wav,REJECT,too_short
UrbanSound8K,C:\Users\Suhaan\Downloads\Noise\UrbanSound8K\fold1\87275-1-3-0.wav,REJECT,too_short
UrbanSound8K,C:\Users\Suhaan\Downloads\Noise\UrbanSound8K\fold1\87275-1-4-0.wav,REJECT,too_short
UrbanSound8K,C:\Users\Suhaan\Downloads\Noise\UrbanSound8K\fold1\87275-1-5-0.wav,REJECT,too_short
UrbanSound8K,C:\Users\Suhaan\Downloads\Noise\UrbanSound8K\fold1\9031-3-1-0.wav,REJECT,large_dc_offset
UrbanSound8K,C:\Users\Suhaan\Downloads\Noise\UrbanSound8K\fold1\9031-3-2-0.wav,REJECT,large_dc_offset
UrbanSound8K,C:\Users\Suhaan\Downloads\Noise\UrbanSound8K\fold1\9031-3-3-0.wav,REJECT,large_dc_offset
UrbanSound8K,C:\Users\Suhaan\Downloads\Noise\UrbanSound8K\fold1\9031-3-4-0.wav,REJECT,large_dc_offset
UrbanSound8K,C:\Users\Suhaan\Downloads\Noise\UrbanSound8K\fold6\9032-3-0-0.wav,REJECT,large_dc_offset
UrbanSound8K,C:\Users\Suhaan\Downloads\Noise\UrbanSound8K\fold6\9032-3-1-0.wav,REJECT,large_dc_offset
UrbanSound8K,C:\Users\Suhaan\Downloads\Noise\UrbanSound8K\fold6\9032-3-2-0.wav,REJECT,large_dc_offset
